doi_o,message
10.1016/0022-1031(77)90049-x,"According to data from the FORRT Library of Reproduction and Replication Attempts (FLoRA) there is 1 replication attempt of a finding from this study. Future research may learn from replications and build on them. Manual inspection of these articles may help to assess what led to the described outcome.

Replication article reference: Klein, R. A., Vianello, M., Hasselman, F., Adams, B. G., Adams, R. B., Alper, S., Aveyard, M., Axt, J. R., Babalola, M. T., Bahník, Š., Batra, R., Berkics, M., Bernstein, M. J., Berry, D. R., Bialobrzeska, O., Binan, E. D., Bocian, K., Brandt, M. J., Busching, R., … Nosek, B. A. (2018). Many Labs 2: Investigating Variation in Replicability Across Samples and Settings. Advances in Methods and Practices in Psychological Science, 1(4), 443–490. https://doi.org/10.1177/2515245918810225
Outcome: ""successful""
Outcome quote: This result
is consistent with the hypothesis that participants’
choices are positively correlated with their perception
of the percentage of other people who would make the
same choice. || This result is con-
sistent with the hypothesis that participants’ choices are

positively correlated with their perception of the percent-
age of other people who would make the same choice.
Quote source: ""p. 460""

FLoRA is available online: https://dx.doi.org/10.17605/OSF.IO/9r62x
We describe why and how we submitted these automated comments here: https://github.com/forrtproject/flora-pubpeer/blob/main/README.md

FLoRA Notify Team"
10.1016/j.jesp.2020.104019,"According to data from the FORRT Library of Reproduction and Replication Attempts (FLoRA) there is 1 replication attempt of a finding from this study. Future research may learn from replications and build on them. Manual inspection of these articles may help to assess what led to the described outcome.

Replication article reference: Boyce, V., Mathur, M., & Frank, M. C. (2023). Eleven years of student replication projects provide evidence on the correlates of replicability in psychology. Royal Society Open Science, 10(11). https://doi.org/10.1098/rsos.231240 Individual report available at https://github.com/vboyce/251-254-MA/blob/main/reports/garciacastro2020.html
Outcome: ""failed""
Outcome quote: 0 [In figure 2, authors quantified subjective success on a more nuanced scale from 0, 0.25, 0.5, 0.75 and 1. I am coding 0 as 'failed', 1 as 'success' and anything inbetween as 'mixed']. subjective replication success rating 0
Quote source: ""Supplemental Infromation""

FLoRA is available online: https://dx.doi.org/10.17605/OSF.IO/9r62x
We describe why and how we submitted these automated comments here: https://github.com/forrtproject/flora-pubpeer/blob/main/README.md

FLoRA Notify Team"
10.1016/j.obhdp.2006.10.001,"According to data from the FORRT Library of Reproduction and Replication Attempts (FLoRA) there are 2 replication attempts of a finding from this study. Future research may learn from replications and build on them. Manual inspection of these articles may help to assess what led to the described outcome.

Replication article reference: Klein, R. A., Vianello, M., Hasselman, F., Adams, B. G., Adams, R. B., Alper, S., Aveyard, M., Axt, J. R., Babalola, M. T., Bahník, Š., Batra, R., Berkics, M., Bernstein, M. J., Berry, D. R., Bialobrzeska, O., Binan, E. D., Bocian, K., Brandt, M. J., Busching, R., … Nosek, B. A. (2018). Many Labs 2: Investigating Variation in Replicability Across Samples and Settings. Advances in Methods and Practices in Psychological Science, 1(4), 443–490. https://doi.org/10.1177/2515245918810225
Outcome: ""failed""
Outcome quote: This result does not support the hypoth-
esis that perceived power is higher with greater vertical distance. The replication effect was in the same direc-
tion as, but much smaller than, the original (d = 0.03, 95% CI = [−0.01, 0.08], vs. original d = 0.55).
Quote source: ""pg. 18""

Replication article reference: Giessner, S. R., & Schubert, T. W. (2019). Power and Vertical Positions in an Organization Chart: A Pre-Registered Replication Report of Study 3a and a Modification of Study 1a, Giessner &amp; Schubert (2007). Collabra: Psychology, 5(1). https://doi.org/10.1525/collabra.216
Outcome: ""mixed""
Outcome quote: Our current preregistered Study 1 confirms original Study 3a of Giessner and Schubert (2007).

FLoRA is available online: https://dx.doi.org/10.17605/OSF.IO/9r62x
We describe why and how we submitted these automated comments here: https://github.com/forrtproject/flora-pubpeer/blob/main/README.md

FLoRA Notify Team"
10.1037/0022-3514.94.1.158,"According to data from the FORRT Library of Reproduction and Replication Attempts (FLoRA) there is 1 replication attempt of a finding from this study. Future research may learn from replications and build on them. Manual inspection of these articles may help to assess what led to the described outcome.

Replication article reference: Open Science Collaboration (2015). Estimating the reproducibility of psychological science. Science 349(6251). Individual report available at https://osf.io/sq8k9
Outcome: ""failed""
Outcome quote: no marked in Replicate column
Quote source: ""data file at https://osf.io/fgjvw""

FLoRA is available online: https://dx.doi.org/10.17605/OSF.IO/9r62x
We describe why and how we submitted these automated comments here: https://github.com/forrtproject/flora-pubpeer/blob/main/README.md

FLoRA Notify Team"
10.1037/0022-3514.94.3.495,"According to data from the FORRT Library of Reproduction and Replication Attempts (FLoRA) there are 2 replication attempts of a finding from this study. Future research may learn from replications and build on them. Manual inspection of these articles may help to assess what led to the described outcome.

Replication article reference: Boyce, V., Mathur, M., & Frank, M. C. (2023). Eleven years of student replication projects provide evidence on the correlates of replicability in psychology. Royal Society Open Science, 10(11). https://doi.org/10.1098/rsos.231240 Individual report available at https://github.com/vboyce/251-254-MA/blob/main/reports/exline2008.docx
Outcome: ""failed""
Outcome quote: Overall,the original findings that thinking about one’s own capability for wrongdoing decreases vengefulness feelings in men failed to replicate.
Quote source: ""pg 4 from osf https://osf.io/nz8ev""

Replication article reference: Open Science Collaboration (2015). Estimating the reproducibility of psychological science. Science 349(6251). Individual report available at https://osf.io/imrx2
Outcome: ""failed""
Outcome quote: no marked in Replicate column
Quote source: ""data file at https://osf.io/fgjvw""

FLoRA is available online: https://dx.doi.org/10.17605/OSF.IO/9r62x
We describe why and how we submitted these automated comments here: https://github.com/forrtproject/flora-pubpeer/blob/main/README.md

FLoRA Notify Team"
10.1037/0022-3514.95.2.420,"According to data from the FORRT Library of Reproduction and Replication Attempts (FLoRA) there is 1 replication attempt of a finding from this study. Future research may learn from replications and build on them. Manual inspection of these articles may help to assess what led to the described outcome.

Replication article reference: Open Science Collaboration (2015). Estimating the reproducibility of psychological science. Science 349(6251). Individual report available at https://osf.io/ke43j
Outcome: ""failed""
Outcome quote: no marked in Replicate column
Quote source: ""data file at https://osf.io/fgjvw""

FLoRA is available online: https://dx.doi.org/10.17605/OSF.IO/9r62x
We describe why and how we submitted these automated comments here: https://github.com/forrtproject/flora-pubpeer/blob/main/README.md

FLoRA Notify Team"
10.1073/pnas.1616921114,"According to data from the FORRT Library of Reproduction and Replication Attempts (FLoRA) there is 1 replication attempt of a finding from this study. Future research may learn from replications and build on them. Manual inspection of these articles may help to assess what led to the described outcome.

Replication article reference: Holzmeister, F., Johannesson, M., Camerer, C. F., Chen, Y., Ho, T.-H., Hoogeveen, S., Huber, J., Imai, N., Imai, T., Jin, L., Kirchler, M., Ly, A., Mandl, B., Manfredi, D., Nave, G., Nosek, B. A., Pfeiffer, T., Sarafoglou, A., Schwaiger, R., … Dreber, A. (2024). Examining the replicability of online experiments selected by a decision market. Nature Human Behaviour, 9(2), 316–330. https://doi.org/10.1038/s41562-024-02062-9 Individual report available at https://osf.io/sejyp
Outcome: ""successful""
Outcome quote: Ticked in Replication
outcome column in Supplementary Table 2.
Quote source: ""Supplementary Information p.25""

FLoRA is available online: https://dx.doi.org/10.17605/OSF.IO/9r62x
We describe why and how we submitted these automated comments here: https://github.com/forrtproject/flora-pubpeer/blob/main/README.md

FLoRA Notify Team"
10.1080/02699931.2015.1059317,"According to data from the FORRT Library of Reproduction and Replication Attempts (FLoRA) there is 1 replication attempt of a finding from this study. Future research may learn from replications and build on them. Manual inspection of these articles may help to assess what led to the described outcome.

Replication article reference: Madan, C. R., Knight, A. G., Kensinger, E. A., & Mickley Steinmetz, K. R. (2020). Affect enhances object-background associations: evidence from behaviour and mathematical modelling. Cognition and Emotion, 34(5), 960–969. https://doi.org/10.1080/02699931.2019.1710110
Outcome: ""successful""
Outcome quote: These results generally replicated those of Mickley Steinmetz et al. (2016), but shed new light on the influence of emotion on associative memory.
Quote source: ""p.8""

FLoRA is available online: https://dx.doi.org/10.17605/OSF.IO/9r62x
We describe why and how we submitted these automated comments here: https://github.com/forrtproject/flora-pubpeer/blob/main/README.md

FLoRA Notify Team"
10.1111/j.1467-9280.2008.02227.x,"According to data from the FORRT Library of Reproduction and Replication Attempts (FLoRA) there are 7 replication attempts of a finding from this study. Future research may learn from replications and build on them. Manual inspection of these articles may help to assess what led to the described outcome.

Replication article reference: Boyce, V., Mathur, M., & Frank, M. C. (2023). Eleven years of student replication projects provide evidence on the correlates of replicability in psychology. Royal Society Open Science, 10(11). https://doi.org/10.1098/rsos.231240
Outcome: ""failed""
Outcome quote: sub_rep 0 in dataset
Quote source: ""https://github.com/forrtproject/FReD-data/issues/19#issuecomment-331901010""

Replication article reference: Huang, J. L. (2014). Does cleanliness influence moral judgments? Response effort moderates the effect of cleanliness priming on moral judgments. Frontiers in Psychology, 5. https://doi.org/10.3389/fpsyg.2014.01276
Outcome: ""successful""
Outcome quote: An online replication (Study 1, N = 214) provided evidence that, when participants exerted low (yet still acceptable) levels of response effort to the experimental material, cleanliness priming led to more lenient moral judgments than neutral priming.

Replication article reference: Lee, F. (2013). Replication of “With a clean conscience: Cleanliness reduces the severity of moral judgments” by Schnall, Benton, and Harvey (2008, Psychological Science) [Unpublished manuscript].
Outcome: ""failed""
Outcome quote: The confirmatory analyses of the current study failed to replicate the findings from the
original article.
Quote source: ""p. 7""

Replication article reference: Chaves, J., Fat, J. K., Leukel, P. J., Jordan, A., Koenig, B., &amp; Sharp, M. (2018). <i>Influence of Cleanliness on Moral Judgements: A Direct Replication of Schnall, Benton, and Harvey (2008)</i>. OSF Registries. https://doi.org/10.17605/OSF.IO/GEA2S
Outcome: ""uninformative""
Outcome quote: Inconclusive because our results are neither significantly different from the null nor the original.


Quote source: ""registration: https://osf.io/gea2s""

Replication article reference: Besman, M., Dubensky, C., Dunsmore, L., & Daubman, K. (2013). Cleanliness primes less severe moral judgments. Retrieved from: https://web.archive.org/web/20191117063540/http://www.psychfiledrawer.org/replication.php?attempt=MTQ5
Outcome: ""successful""
Outcome quote: This result is consistent with the results of the original study.
Quote source: ""Description of methods/results in template""

Replication article reference: Arbesfeld, J., Collins, T., Baldwin, D., & Daubman, K. (2014). Clean thoughts lead to less severe moral judgment [Replication of Schnall, Benton, & Harvey, 2008]. PsychFileDrawer.org. Retrieved from https://web.archive.org/web/20191201181415/http://psychfiledrawer.org/replication.php?attempt=MTc3
Outcome: ""successful""
Outcome quote: Result Type        Successful Replication
Quote source: ""abstract""

Replication article reference: Johnson, D. J., Cheung, F., & Donnellan, M. B. (2014). Does Cleanliness Influence Moral Judgments? Social Psychology, 45(3), 209–215. https://doi.org/10.1027/1864-9335/a000186
Outcome: ""failed""
Outcome quote: We did not find evidence that physical cleanliness reduced the severity of moral judgments using samples sizes that provided over .99 power to detect the original effect sizes.

FLoRA is available online: https://dx.doi.org/10.17605/OSF.IO/9r62x
We describe why and how we submitted these automated comments here: https://github.com/forrtproject/flora-pubpeer/blob/main/README.md

FLoRA Notify Team"
10.1162/qjec.122.3.1067,"According to data from the FORRT Library of Reproduction and Replication Attempts (FLoRA) there is 1 replication attempt of a finding from this study. Future research may learn from replications and build on them. Manual inspection of these articles may help to assess what led to the described outcome.

Replication article reference: Carlsson, F., Lampi, E., Martinsson, P., & Yang, X. (2020). Replication: Do women shy away from competition? Experimental evidence from China. Journal of Economic Psychology, 81, 102312. https://doi.org/10.1016/j.joep.2020.102312
Outcome: ""successful""
Outcome quote: Our results are in line with the results by Niederle and Vesterlund (2007), who found
 that twice as many men as women chose the competitive alternative.
Quote source: ""p.8""

FLoRA is available online: https://dx.doi.org/10.17605/OSF.IO/9r62x
We describe why and how we submitted these automated comments here: https://github.com/forrtproject/flora-pubpeer/blob/main/README.md

FLoRA Notify Team"
10.1177/0956797615612202,"According to data from the FORRT Library of Reproduction and Replication Attempts (FLoRA) there are 2 replication attempts of a finding from this study. Future research may learn from replications and build on them. Manual inspection of these articles may help to assess what led to the described outcome.

Replication article reference: Boyce, V., Mathur, M., & Frank, M. C. (2023). Eleven years of student replication projects provide evidence on the correlates of replicability in psychology. Royal Society Open Science, 10(11). https://doi.org/10.1098/rsos.231240
Outcome: ""mixed""
Outcome quote: subjective replication success rating 0 || subjective replication success rating 1
Quote source: ""https://github.com/forrtproject/FReD-data/issues/19#issuecomment-3319010107""

Replication article reference: Boyce, V., Mathur, M., & Frank, M. C. (2023). Eleven years of student replication projects provide evidence on the correlates of replicability in psychology. Royal Society Open Science, 10(11). https://doi.org/10.1098/rsos.231240 Individual report available at https://github.com/psych251/porter2016/blob/master/writeup/Replication%20of%20Study%201%20by%20Porter%20et%20al.Rmd
Outcome: ""failed""
Outcome quote: Hence, this analysis failed to replicate the original result.
Quote source: ""https://github.com/psych251/porter2016/blob/master/writeup/Replication%20of%20Study%201%20by%20Porter%20et%20al.Rmd""

FLoRA is available online: https://dx.doi.org/10.17605/OSF.IO/9r62x
We describe why and how we submitted these automated comments here: https://github.com/forrtproject/flora-pubpeer/blob/main/README.md

FLoRA Notify Team"
10.1037/h0080111,"According to data from the FORRT Library of Reproduction and Replication Attempts (FLoRA) there is 1 replication attempt of a finding from this study. Future research may learn from replications and build on them. Manual inspection of these articles may help to assess what led to the described outcome.

Replication article reference: Rayner, K., Schotter, E. R., & Drieghe, D. (2014). Lack of semantic parafoveal preview benefit in reading revisited. Psychonomic Bulletin &Amp; Review, 21(4), 1067–1072. https://doi.org/10.3758/s13423-014-0582-9
Outcome: ""successful""
Outcome quote: “Thus, the present experiment replicates the earlier data reported by Rayner et al. (1986), indicating evidence for an orthographic preview benefit but a lack of semantic preview benefit in reading English.”

FLoRA is available online: https://dx.doi.org/10.17605/OSF.IO/9r62x
We describe why and how we submitted these automated comments here: https://github.com/forrtproject/flora-pubpeer/blob/main/README.md

FLoRA Notify Team"
10.1007/s10683-016-9484-1,"According to data from the FORRT Library of Reproduction and Replication Attempts (FLoRA) there is 1 replication attempt of a finding from this study. Future research may learn from replications and build on them. Manual inspection of these articles may help to assess what led to the described outcome.

Replication article reference: Capitán, T., Capitán, S., Méndez-Chacón, E., Field, S., Loomas, Z., Miske, O., & Luis, B. (2026, February 27). SCORE new data replication of Bruner (2017). https://doi.org/10.17605/OSF.IO/H2CQ7
Outcome: ""successful""
Outcome quote: As the pooled analytic sample demonstrated a successful replication of the focal test, sampling stopped, and that result will be used as the ""Round 1"" evidence in the SCORE replication outcome dataset.

FLoRA is available online: https://dx.doi.org/10.17605/OSF.IO/9r62x
We describe why and how we submitted these automated comments here: https://github.com/forrtproject/flora-pubpeer/blob/main/README.md

FLoRA Notify Team"
10.1016/j.worlddev.2015.10.037,"According to data from the FORRT Library of Reproduction and Replication Attempts (FLoRA) there is 1 replication attempt of a finding from this study. Future research may learn from replications and build on them. Manual inspection of these articles may help to assess what led to the described outcome.

Replication article reference: Parsons, E. S., Miske, O., Luis, B., Loomas, Z., Fox, N. W., Tyner, A. H., … Reed, W. R. (2026, February 27). SCORE secondary data replication of Echávarri & Husillos (2016). https://doi.org/10.17605/OSF.IO/C6PKB
Outcome: ""successful""
Outcome quote: This claim was replicated. The marginaleffect of societal discrimination on daughter’s mortality rate (the coefficient onsocietal discrimination, SD) is .0279747 and its p-value is less than 0.000.

FLoRA is available online: https://dx.doi.org/10.17605/OSF.IO/9r62x
We describe why and how we submitted these automated comments here: https://github.com/forrtproject/flora-pubpeer/blob/main/README.md

FLoRA Notify Team"
10.1037/pspp0000136,"According to data from the FORRT Library of Reproduction and Replication Attempts (FLoRA) there is 1 replication attempt of a finding from this study. Future research may learn from replications and build on them. Manual inspection of these articles may help to assess what led to the described outcome.

Replication article reference: Breil, S. M., Schweppe, P. C., Geukes, K., Biesanz, J. C., Quintus, M., Wagner, J., Wrzus, C., Nestler, S., & Back, M. D. (2022). The incremental validity of average states: A replication and extension of Finnigan and Vazire (2018). Journal of Personality and Social Psychology, 123(3), e23–e37. https://doi.org/10.1037/pspp0000408
Outcome: ""successful""
Outcome quote: Across all studies, the original results (i.e., no incremental effects of average self-reported states) were replicated.

FLoRA is available online: https://dx.doi.org/10.17605/OSF.IO/9r62x
We describe why and how we submitted these automated comments here: https://github.com/forrtproject/flora-pubpeer/blob/main/README.md

FLoRA Notify Team"
10.1017/cbo9781139524575.009,"According to data from the FORRT Library of Reproduction and Replication Attempts (FLoRA) there is 1 replication attempt of a finding from this study. Future research may learn from replications and build on them. Manual inspection of these articles may help to assess what led to the described outcome.

Replication article reference: SONG, S., & KELLOGG, D. (2011). Word Meaning as a Palimpsest: A Defense of Sociocultural Theory1. The Modern Language Journal, 95(4), 589–604. Portico. https://doi.org/10.1111/j.1540-4781.2011.01236.x
Outcome: ""successful""
Outcome quote: we present evidence from a partial replication of Slimani (1992) that they are not, in fact, acquired that way.

FLoRA is available online: https://dx.doi.org/10.17605/OSF.IO/9r62x
We describe why and how we submitted these automated comments here: https://github.com/forrtproject/flora-pubpeer/blob/main/README.md

FLoRA Notify Team"
10.1901/jaba.2004.37-11,"According to data from the FORRT Library of Reproduction and Replication Attempts (FLoRA) there is 1 replication attempt of a finding from this study. Future research may learn from replications and build on them. Manual inspection of these articles may help to assess what led to the described outcome.

Replication article reference: Kodak, T., Clements, A., & LeBlanc, B. (2013). A rapid assessment of instructional strategies to teach auditory-visual conditional discriminations to children with autism. Research in Autism Spectrum Disorders, 7(6), 801–807. https://doi.org/10.1016/j.rasd.2013.02.007
Outcome: ""successful""
Outcome quote: We replicated and extended previous rapid skills assessments (Lerman, Vorndran, Addison, & Kuhn, 2004)

FLoRA is available online: https://dx.doi.org/10.17605/OSF.IO/9r62x
We describe why and how we submitted these automated comments here: https://github.com/forrtproject/flora-pubpeer/blob/main/README.md

FLoRA Notify Team"
10.1177/001440291107700204,"According to data from the FORRT Library of Reproduction and Replication Attempts (FLoRA) there is 1 replication attempt of a finding from this study. Future research may learn from replications and build on them. Manual inspection of these articles may help to assess what led to the described outcome.

Replication article reference: Coyne, M. D., Little, M., Rawlinson, D., Simmons, D., Kwok, O., Kim, M., Simmons, L., Hagan-Burke, S., & Civetelli, C. (2013). Replicating the Impact of a Supplemental Beginning Reading Intervention: The Role of Instructional Context. Journal of Research on Educational Effectiveness, 6(1), 1–23. https://doi.org/10.1080/19345747.2012.706694
Outcome: ""successful""
Outcome quote: Multilevel hierarchical linear analyses revealed no statistically significant differences between conditions on any measure.

FLoRA is available online: https://dx.doi.org/10.17605/OSF.IO/9r62x
We describe why and how we submitted these automated comments here: https://github.com/forrtproject/flora-pubpeer/blob/main/README.md

FLoRA Notify Team"
10.1177/0146167205279905,"According to data from the FORRT Library of Reproduction and Replication Attempts (FLoRA) there is 1 replication attempt of a finding from this study. Future research may learn from replications and build on them. Manual inspection of these articles may help to assess what led to the described outcome.

Replication article reference: Kreijns, K., Vermeulen, M., Van Acker, F., & van Buuren, H. (2014). Predicting teachers’ use of digital learning materials: combining self-determination theory and the integrative model of behaviour prediction. European Journal of Teacher Education, 37(4), 465–478. https://doi.org/10.1080/02619768.2014.882308
Outcome: ""successful""
Outcome quote: Using a sample of 1273 teachers, our preliminary findings support the findings of the previous study.

FLoRA is available online: https://dx.doi.org/10.17605/OSF.IO/9r62x
We describe why and how we submitted these automated comments here: https://github.com/forrtproject/flora-pubpeer/blob/main/README.md

FLoRA Notify Team"
10.1111/j.1467-9280.2009.02434.x,"According to data from the FORRT Library of Reproduction and Replication Attempts (FLoRA) there is 1 replication attempt of a finding from this study. Future research may learn from replications and build on them. Manual inspection of these articles may help to assess what led to the described outcome.

Replication article reference: Schilder, J. D., IJzerman, H., & Denissen, J. J. A. (2014). Physical Warmth and Perceptual Focus: A Replication of IJzerman and Semin (2009). PLoS ONE, 9(11), e112772. https://doi.org/10.1371/journal.pone.0112772
Outcome: ""successful""
Outcome quote: We successfully replicated the finding that a simple cue of physical warmth makes people more likely to adopt a relational focus.

FLoRA is available online: https://dx.doi.org/10.17605/OSF.IO/9r62x
We describe why and how we submitted these automated comments here: https://github.com/forrtproject/flora-pubpeer/blob/main/README.md

FLoRA Notify Team"
10.1111/psyp.12064,"According to data from the FORRT Library of Reproduction and Replication Attempts (FLoRA) there is 1 replication attempt of a finding from this study. Future research may learn from replications and build on them. Manual inspection of these articles may help to assess what led to the described outcome.

Replication article reference: Kreibig, S. D., Samson, A. C., & Gross, J. J. (2015). The psychophysiology of mixed emotional states: Internal and external replicability analysis of a direct replication study. Psychophysiology, 52(7), 873–886. Portico. https://doi.org/10.1111/psyp.12425
Outcome: ""successful""
Outcome quote: Findings suggest replicable differentiation of amusement, disgust, and a mixed emotional state.

FLoRA is available online: https://dx.doi.org/10.17605/OSF.IO/9r62x
We describe why and how we submitted these automated comments here: https://github.com/forrtproject/flora-pubpeer/blob/main/README.md

FLoRA Notify Team"
10.1016/0272-7358(94)90002-7,"According to data from the FORRT Library of Reproduction and Replication Attempts (FLoRA) there is 1 replication attempt of a finding from this study. Future research may learn from replications and build on them. Manual inspection of these articles may help to assess what led to the described outcome.

Replication article reference: Urvelyte, E., & Perminas, A. (2015). The Dual Pathway Model of Bulimia: Replication and Extension with Anorexia. Procedia - Social and Behavioral Sciences, 205, 178–183. https://doi.org/10.1016/j.sbspro.2015.09.054
Outcome: ""successful""
Outcome quote: The findings provide support for dual pathway model of bulimia for predicting not only bulimia, but also anorexia symptoms.

FLoRA is available online: https://dx.doi.org/10.17605/OSF.IO/9r62x
We describe why and how we submitted these automated comments here: https://github.com/forrtproject/flora-pubpeer/blob/main/README.md

FLoRA Notify Team"
10.1177/1098300714565244,"According to data from the FORRT Library of Reproduction and Replication Attempts (FLoRA) there is 1 replication attempt of a finding from this study. Future research may learn from replications and build on them. Manual inspection of these articles may help to assess what led to the described outcome.

Replication article reference: Wills, H., Kamps, D., Caldarella, P., Wehby, J., & Romine, R. S. (2018). Class-wide Function-Related Intervention Teams (CW-FIT): Student and Teacher Outcomes from a Multisite Randomized Replication Trial. The Elementary School Journal, 119(1), 29–51. https://doi.org/10.1086/698818
Outcome: ""successful""
Outcome quote: Class-wide student on-task behavior improved, teacher praise and attention to appropriate behaviors increased, and reprimands decreased in the CW-FIT classes

FLoRA is available online: https://dx.doi.org/10.17605/OSF.IO/9r62x
We describe why and how we submitted these automated comments here: https://github.com/forrtproject/flora-pubpeer/blob/main/README.md

FLoRA Notify Team"
10.1002/pon.2108,"According to data from the FORRT Library of Reproduction and Replication Attempts (FLoRA) there is 1 replication attempt of a finding from this study. Future research may learn from replications and build on them. Manual inspection of these articles may help to assess what led to the described outcome.

Replication article reference: Marshall, C. A., Curran, M. A., Brownmiller, G., Solarte, A., Armin, J., Hamann, H. A., Crist, J. D., Niemelä, M., Badger, T. A., & Weihs, K. L. (2018). Oregon’s Familias en Acción replicates benefits for underserved cancer co‐survivors through Un Abrazo Para la Familia. Psycho-Oncology, 27(10), 2405–2411. Portico. https://doi.org/10.1002/pon.4841
Outcome: ""successful""
Outcome quote: the significant gains in cancer knowledge and self‐efficacy reported by underserved co‐survivors can be replicated.

FLoRA is available online: https://dx.doi.org/10.17605/OSF.IO/9r62x
We describe why and how we submitted these automated comments here: https://github.com/forrtproject/flora-pubpeer/blob/main/README.md

FLoRA Notify Team"
10.1007/s10508-007-9175-2,"According to data from the FORRT Library of Reproduction and Replication Attempts (FLoRA) there is 1 replication attempt of a finding from this study. Future research may learn from replications and build on them. Manual inspection of these articles may help to assess what led to the described outcome.

Replication article reference: Wyverkens, E., Dewitte, M., Deschepper, E., Corneillie, J., Van der Bracht, L., Van Regenmortel, D., Van Cleempoel, K., De Boose, N., Prinssen, P., & T’Sjoen, G. (2018). YSEX? A Replication Study in Different Age Groups. The Journal of Sexual Medicine, 15(4), 492–501. https://doi.org/10.1016/j.jsxm.2018.02.012
Outcome: ""successful""
Outcome quote: The top 5 primary reasons for engaging in sex were identical across age groups and sexes.

FLoRA is available online: https://dx.doi.org/10.17605/OSF.IO/9r62x
We describe why and how we submitted these automated comments here: https://github.com/forrtproject/flora-pubpeer/blob/main/README.md

FLoRA Notify Team"
10.1177/0956797615623770,"According to data from the FORRT Library of Reproduction and Replication Attempts (FLoRA) there is 1 replication attempt of a finding from this study. Future research may learn from replications and build on them. Manual inspection of these articles may help to assess what led to the described outcome.

Replication article reference: Cho, K. W. (2019). Exploring the dark side of exposure to peer excellence among traditional and nontraditional college students. Learning and Individual Differences, 73, 52–58. https://doi.org/10.1016/j.lindif.2019.05.001
Outcome: ""successful""
Outcome quote: replicating the discouragement-by-exposure-to-peer-excellence effect. However, the effect was absent among nontraditional college students.

FLoRA is available online: https://dx.doi.org/10.17605/OSF.IO/9r62x
We describe why and how we submitted these automated comments here: https://github.com/forrtproject/flora-pubpeer/blob/main/README.md

FLoRA Notify Team"
10.1002/jclp.22191,"According to data from the FORRT Library of Reproduction and Replication Attempts (FLoRA) there is 1 replication attempt of a finding from this study. Future research may learn from replications and build on them. Manual inspection of these articles may help to assess what led to the described outcome.

Replication article reference: Palmer, R., Owen, J., & Frazier, P. (2020). Trajectories of changes in distress in counseling center clients: a replication study. Psychotherapy Research, 31(3), 359–371. https://doi.org/10.1080/10503307.2020.1757175
Outcome: ""successful""
Outcome quote: These classes followed similar trajectories to two of the classes identified by Owen et al. These results indicate that latent trajectory modeling may lead to replicable findings.

FLoRA is available online: https://dx.doi.org/10.17605/OSF.IO/9r62x
We describe why and how we submitted these automated comments here: https://github.com/forrtproject/flora-pubpeer/blob/main/README.md

FLoRA Notify Team"
10.1037/t71797-000,"According to data from the FORRT Library of Reproduction and Replication Attempts (FLoRA) there is 1 replication attempt of a finding from this study. Future research may learn from replications and build on them. Manual inspection of these articles may help to assess what led to the described outcome.

Replication article reference: Byllesby, B. M., Ripley, A. J., & Palmieri, P. A. (2022). Replication and longitudinal measurement invariance of the PTCI-9. Psychological Assessment, 34(12), 1166–1171. https://doi.org/10.1037/pas0001164
Outcome: ""successful""
Outcome quote: The present study replicated previous findings that the PTCI-9 may be a psychometrically sound alternative for measuring trauma-related cognitions.

FLoRA is available online: https://dx.doi.org/10.17605/OSF.IO/9r62x
We describe why and how we submitted these automated comments here: https://github.com/forrtproject/flora-pubpeer/blob/main/README.md

FLoRA Notify Team"
10.1007/s11606-021-06676-x,"According to data from the FORRT Library of Reproduction and Replication Attempts (FLoRA) there is 1 replication attempt of a finding from this study. Future research may learn from replications and build on them. Manual inspection of these articles may help to assess what led to the described outcome.

Replication article reference: Roblin, D. W., Segel, J. E., Hu, H., & Mendiratta, N. (2026). Comparative Effectiveness of a Complex Care Program for High-Cost/High-Need Patients. Medical Care, 64(2), 45–49. https://doi.org/10.1097/mlr.0000000000002256
Outcome: ""successful""
Outcome quote: In the matched samples, CCP patients had a significantly lower hazard of 180-day mortality compared with UPC in this replication cohort (0.71, 95% CI: 0.61 61 82).

FLoRA is available online: https://dx.doi.org/10.17605/OSF.IO/9r62x
We describe why and how we submitted these automated comments here: https://github.com/forrtproject/flora-pubpeer/blob/main/README.md

FLoRA Notify Team"
10.1080/13674676.2023.2293831,"According to data from the FORRT Library of Reproduction and Replication Attempts (FLoRA) there is 1 replication attempt of a finding from this study. Future research may learn from replications and build on them. Manual inspection of these articles may help to assess what led to the described outcome.

Replication article reference: Francis, L. J., Davis, F., & McKenna, U. (2026). The psychological type profile of lay Catholic followers of Bishop Barron: a replication study. Journal of Religious Education. https://doi.org/10.1007/s40839-026-00293-8
Outcome: ""successful""
Outcome quote: The replication study in 2025 confirmed the findings from 2023. Compared with Catholic churchgoers, Bishop Barron attracts higher proportions of intuitive types (N) and thinking types (T) and a lower proportion of the Epimethean temperament (SJ). Planted back in local congregations, here are people with the capacity either to transform or to unsettle these congregations.


FLoRA is available online: https://dx.doi.org/10.17605/OSF.IO/9r62x
We describe why and how we submitted these automated comments here: https://github.com/forrtproject/flora-pubpeer/blob/main/README.md

FLoRA Notify Team"
10.2307/256894,"According to data from the FORRT Library of Reproduction and Replication Attempts (FLoRA) there is 1 replication attempt of a finding from this study. Future research may learn from replications and build on them. Manual inspection of these articles may help to assess what led to the described outcome.

Replication article reference: Tsang, E. W. K., & Yamanoi, J. (2016). International expansion through start‐up or acquisition: A replication. Strategic Management Journal, 37(11), 2291–2306. Portico. https://doi.org/10.1002/smj.2569
Outcome: ""mixed""
Outcome quote: In sum, the original study claims that all four hypotheses are supported, whereas only one is supported in the replication.

FLoRA is available online: https://dx.doi.org/10.17605/OSF.IO/9r62x
We describe why and how we submitted these automated comments here: https://github.com/forrtproject/flora-pubpeer/blob/main/README.md

FLoRA Notify Team"
10.1192/bjp.124.6.588,"According to data from the FORRT Library of Reproduction and Replication Attempts (FLoRA) there is 1 replication attempt of a finding from this study. Future research may learn from replications and build on them. Manual inspection of these articles may help to assess what led to the described outcome.

Replication article reference: Teasdale, J. D., Walsh, P. A., Lancashire, M., & Mathews, A. M. (1977). Group Exposure for Agoraphobics: A Replication Study. British Journal of Psychiatry, 130(2), 186–193. https://doi.org/10.1192/bjp.130.2.186
Outcome: ""mixed""
Outcome quote: The continuing improvement during follow-up, with consequent large overall improvement, reported in the original study was not replicated.

FLoRA is available online: https://dx.doi.org/10.17605/OSF.IO/9r62x
We describe why and how we submitted these automated comments here: https://github.com/forrtproject/flora-pubpeer/blob/main/README.md

FLoRA Notify Team"
10.1002/jaba.154,"According to data from the FORRT Library of Reproduction and Replication Attempts (FLoRA) there is 1 replication attempt of a finding from this study. Future research may learn from replications and build on them. Manual inspection of these articles may help to assess what led to the described outcome.

Replication article reference: Wunderlich, K. L., & Vollmer, T. R. (2017). Effects of serial and concurrent training on receptive identification tasks: A Systematic replication. Journal of Applied Behavior Analysis, 50(3), 641–652. Portico. https://doi.org/10.1002/jaba.401
Outcome: ""mixed""
Outcome quote: Subjects learned the target stimuli slightly faster in concurrent training and a high degree of generalization was obtained following both methods of training

FLoRA is available online: https://dx.doi.org/10.17605/OSF.IO/9r62x
We describe why and how we submitted these automated comments here: https://github.com/forrtproject/flora-pubpeer/blob/main/README.md

FLoRA Notify Team"
10.1016/j.jecp.2012.06.013,"According to data from the FORRT Library of Reproduction and Replication Attempts (FLoRA) there is 1 replication attempt of a finding from this study. Future research may learn from replications and build on them. Manual inspection of these articles may help to assess what led to the described outcome.

Replication article reference: Poarch, G. J. (2018). Multilingual Language Control and Executive Function: A Replication Study. Frontiers in Communication, 3. https://doi.org/10.3389/fcomm.2018.00046
Outcome: ""mixed""
Outcome quote: While the Simon task yielded no differences between groups, the Flanker task differed significantly across groups with multilinguals showing enhanced conflict resolution over L2 learners.

FLoRA is available online: https://dx.doi.org/10.17605/OSF.IO/9r62x
We describe why and how we submitted these automated comments here: https://github.com/forrtproject/flora-pubpeer/blob/main/README.md

FLoRA Notify Team"
10.1037/0022-3514.54.5.768,"According to data from the FORRT Library of Reproduction and Replication Attempts (FLoRA) there are 2 replication attempts of a finding from this study. Future research may learn from replications and build on them. Manual inspection of these articles may help to assess what led to the described outcome.

Replication article reference: Noah, T., Schul, Y., & Mayo, R. (2018). When both the original study and its failed replication are correct: Feeling observed eliminates the facial-feedback effect. Journal of Personality and Social Psychology, 114(5), 657–664. https://doi.org/10.1037/pspa0000121
Outcome: ""mixed""
Outcome quote: The results revealed a significant facial-feedback effect in the absence of a camera, which was eliminated in the camera's presence.

Replication article reference: Wagenmakers, E.-J., Beek, T., Dijkhoff, L., Gronau, Q. F., Acosta, A., Adams, R. B., Albohn, D. N., Allard, E. S., Benning, S. D., Blouin-Hudon, E.-M., Bulnes, L. C., Caldwell, T. L., Calin-Jageman, R. J., Capaldi, C. A., Carfagno, N. S., Chasten, K. T., Cleeremans, A., Connell, L., DeCicco, J. M., … Zwaan, R. A. (2016). Registered Replication Report. Perspectives on Psychological Science, 11(6), 917–928. https://doi.org/10.1177/1745691616674458
Outcome: ""failed""
Outcome quote: Our meta-analysis revealed a rating difference of 0.03 units with a 95% confidence interval ranging from −0.11 to 0.16.

FLoRA is available online: https://dx.doi.org/10.17605/OSF.IO/9r62x
We describe why and how we submitted these automated comments here: https://github.com/forrtproject/flora-pubpeer/blob/main/README.md

FLoRA Notify Team"
10.1111/j.1365-2982.2012.01937.x,"According to data from the FORRT Library of Reproduction and Replication Attempts (FLoRA) there is 1 replication attempt of a finding from this study. Future research may learn from replications and build on them. Manual inspection of these articles may help to assess what led to the described outcome.

Replication article reference: Parker, K. D., Albeke, S. E., Gigley, J. P., Goldstein, A. M., & Ward, N. L. (2018). Microbiome Composition in Both Wild-Type and Disease Model Mice Is Heavily Influenced by Mouse Facility. Frontiers in Microbiology, 9. https://doi.org/10.3389/fmicb.2018.01598
Outcome: ""mixed""
Outcome quote: While we observed genotype-based differences in composition between wild-type (WT) and KO mice, these differences were inconsistent with the previously reported conclusions.

FLoRA is available online: https://dx.doi.org/10.17605/OSF.IO/9r62x
We describe why and how we submitted these automated comments here: https://github.com/forrtproject/flora-pubpeer/blob/main/README.md

FLoRA Notify Team"
10.1017/s1930297500006999,"According to data from the FORRT Library of Reproduction and Replication Attempts (FLoRA) there is 1 replication attempt of a finding from this study. Future research may learn from replications and build on them. Manual inspection of these articles may help to assess what led to the described outcome.

Replication article reference: Bainbridge, T. F., Quinlan, J. A., Mar, R. A., & Smillie, L. D. (2019). Openness/Intellect and Susceptibility to Pseudo–Profound Bullshit: A Replication and Extension. European Journal of Personality, 33(1), 72–88. https://doi.org/10.1002/per.2176
Outcome: ""mixed""
Outcome quote: the association with apophenia reflected poorer discrimination in Study 1, with less conclusive results in Study 2.

FLoRA is available online: https://dx.doi.org/10.17605/OSF.IO/9r62x
We describe why and how we submitted these automated comments here: https://github.com/forrtproject/flora-pubpeer/blob/main/README.md

FLoRA Notify Team"
10.1016/j.cortex.2007.08.010,"According to data from the FORRT Library of Reproduction and Replication Attempts (FLoRA) there is 1 replication attempt of a finding from this study. Future research may learn from replications and build on them. Manual inspection of these articles may help to assess what led to the described outcome.

Replication article reference: Mariconda, A., Prpic, V., Mingolo, S., Sors, F., Agostini, T., & Murgia, M. (2022). A systematic investigation reveals that Ishihara et al.’s (2008) STEARC effect only emerges when time is directly assessed. Scientific Reports, 12(1). https://doi.org/10.1038/s41598-022-23411-6
Outcome: ""mixed""
Outcome quote: This experiment successfully replicated the STEARC effect. In these experiments, no STEARC effect was observed.

FLoRA is available online: https://dx.doi.org/10.17605/OSF.IO/9r62x
We describe why and how we submitted these automated comments here: https://github.com/forrtproject/flora-pubpeer/blob/main/README.md

FLoRA Notify Team"
10.1126/science.1107621,"According to data from the FORRT Library of Reproduction and Replication Attempts (FLoRA) there is 1 replication attempt of a finding from this study. Future research may learn from replications and build on them. Manual inspection of these articles may help to assess what led to the described outcome.

Replication article reference: Lavelle, J. S. (2022). When a Crisis Becomes an Opportunity: The Role of Replications in Making Better Theories. The British Journal for the Philosophy of Science, 73(4), 965–986. https://doi.org/10.1086/714812
Outcome: ""mixed""
Outcome quote: . It argues that the lack of consensus about over-arching theories informing both the concepts under study and the methodologies used to track them means that researchers disagree over which experiments constitute replications of the original.

FLoRA is available online: https://dx.doi.org/10.17605/OSF.IO/9r62x
We describe why and how we submitted these automated comments here: https://github.com/forrtproject/flora-pubpeer/blob/main/README.md

FLoRA Notify Team"
10.1126/science.1128317,"According to data from the FORRT Library of Reproduction and Replication Attempts (FLoRA) there are 3 replication attempts of a finding from this study. Future research may learn from replications and build on them. Manual inspection of these articles may help to assess what led to the described outcome.

Replication article reference: Hanselman, P., Rozek, C. S., Grigg, J., & Borman, G. D. (2017). New evidence on self-affirmation effects and theorized sources of heterogeneity from large-scale replications. Journal of Educational Psychology, 109(3), 405–424. https://doi.org/10.1037/edu0000141
Outcome: ""failed""
Outcome quote: We found no evidence of effects in this replication study and estimates were precise enough to reject benefits larger than an effect size of 0.10.

Replication article reference: Baker, D. J., Skinner, B. T., & Redding, C. H. (2019). Affirmative Intervention to Reduce Stereotype Threat Bias: Experimental Evidence from a Community College. The Journal of Higher Education, 91(5), 722–754. https://doi.org/10.1080/00221546.2019.1650582
Outcome: ""failed""
Outcome quote: Overall, we find little evidence of a positive effect of this one-time affirmation of social identity.

Replication article reference: Protzko, J., & Aronson, J. (2016). Context Moderates Affirmation Effects on the Ethnic Achievement Gap. Social Psychological and Personality Science, 7(6), 500–507. https://doi.org/10.1177/1948550616646426
Outcome: ""failed""
Outcome quote: we found no effect of the affirmation on academic performance.

FLoRA is available online: https://dx.doi.org/10.17605/OSF.IO/9r62x
We describe why and how we submitted these automated comments here: https://github.com/forrtproject/flora-pubpeer/blob/main/README.md

FLoRA Notify Team"
10.1017/s1930297500000966,"According to data from the FORRT Library of Reproduction and Replication Attempts (FLoRA) there is 1 replication attempt of a finding from this study. Future research may learn from replications and build on them. Manual inspection of these articles may help to assess what led to the described outcome.

Replication article reference: Bogdanov, B., Corbin, J., Dobreva, S., McElroy, T., & Rachev, N. R. (2023). Working memory capacity and the risky-choice framing effect: A preregistered replication and extension of Corbin et al. (). Judgment and Decision Making, 18. https://doi.org/10.1017/jdm.2023.40
Outcome: ""failed""
Outcome quote: Taken together, these findings show an absence of association between the between-subjects risky-choice framing effect and WMC.

FLoRA is available online: https://dx.doi.org/10.17605/OSF.IO/9r62x
We describe why and how we submitted these automated comments here: https://github.com/forrtproject/flora-pubpeer/blob/main/README.md

FLoRA Notify Team"
10.1016/j.worlddev.2011.05.014,"According to data from the FORRT Library of Reproduction and Replication Attempts (FLoRA) there is 1 replication attempt of a finding from this study. Future research may learn from replications and build on them. Manual inspection of these articles may help to assess what led to the described outcome.

Replication article reference: Umwali, B., & Wei, Y. (2026). Reassessing the potential of FDI for poverty reduction in Africa: A replication and extension of. Journal of International Management, 32(2), 101337. https://doi.org/10.1016/j.intman.2026.101337
Outcome: ""failed""
Outcome quote: Our analysis fails to corroborate the results.

FLoRA is available online: https://dx.doi.org/10.17605/OSF.IO/9r62x
We describe why and how we submitted these automated comments here: https://github.com/forrtproject/flora-pubpeer/blob/main/README.md

FLoRA Notify Team"
10.1016/j.jml.2015.10.007,"According to data from the FORRT Library of Reproduction and Replication Attempts (FLoRA) there is 1 replication attempt of a finding from this study. Future research may learn from replications and build on them. Manual inspection of these articles may help to assess what led to the described outcome.

Replication article reference: DeLong, K. A., Chan, W., & Kutas, M. (2018). Similar time courses for word form and meaning preactivation during sentence comprehension. Psychophysiology, 56(4). Portico. https://doi.org/10.1111/psyp.13312
Outcome: ""failed""
Outcome quote: Results showed that, at a visual presentation rate of two words per second, both types of related words show similarly reduced N400s

FLoRA is available online: https://dx.doi.org/10.17605/OSF.IO/9r62x
We describe why and how we submitted these automated comments here: https://github.com/forrtproject/flora-pubpeer/blob/main/README.md

FLoRA Notify Team"
10.1111/jpr.12125,"According to data from the FORRT Library of Reproduction and Replication Attempts (FLoRA) there is 1 replication attempt of a finding from this study. Future research may learn from replications and build on them. Manual inspection of these articles may help to assess what led to the described outcome.

Replication article reference: Nomura, K., & Yotsumoto, Y. (2018). Failure to Replicate the Increased Temporal Resolution Induced by Images That Give Impression of Danger. Japanese Psychological Research, 60(3), 179–187. Portico. https://doi.org/10.1111/jpr.12187
Outcome: ""failed""
Outcome quote: we found the opposite results—that is, images with safe impressions were detected with higher accuracy than those with dangerous impressions.

FLoRA is available online: https://dx.doi.org/10.17605/OSF.IO/9r62x
We describe why and how we submitted these automated comments here: https://github.com/forrtproject/flora-pubpeer/blob/main/README.md

FLoRA Notify Team"
10.1016/j.biopsycho.2016.05.001,"According to data from the FORRT Library of Reproduction and Replication Attempts (FLoRA) there is 1 replication attempt of a finding from this study. Future research may learn from replications and build on them. Manual inspection of these articles may help to assess what led to the described outcome.

Replication article reference: Bauer, E. A., MacNamara, A., Sandre, A., Lonsdorf, T. B., Weinberg, A., Morriss, J., & van Reekum, C. M. (2020). Intolerance of uncertainty and threat generalization: A replication and extension. Psychophysiology, 57(5). Portico. https://doi.org/10.1111/psyp.13546
Outcome: ""failed""
Outcome quote: Results showed that the direct replication failed

FLoRA is available online: https://dx.doi.org/10.17605/OSF.IO/9r62x
We describe why and how we submitted these automated comments here: https://github.com/forrtproject/flora-pubpeer/blob/main/README.md

FLoRA Notify Team"
10.1177/0956797619842191,"According to data from the FORRT Library of Reproduction and Replication Attempts (FLoRA) there is 1 replication attempt of a finding from this study. Future research may learn from replications and build on them. Manual inspection of these articles may help to assess what led to the described outcome.

Replication article reference: Wiesing, M., & Zimmermann, E. (2024). Intentional binding – Is it just causal binding? A replication study of Suzuki et al. (2019). Consciousness and Cognition, 119, 103665. https://doi.org/10.1016/j.concog.2024.103665
Outcome: ""failed""
Outcome quote: we found systematically greater compression for active than passive trials, in contrast to Suzuki et al. (2019).

FLoRA is available online: https://dx.doi.org/10.17605/OSF.IO/9r62x
We describe why and how we submitted these automated comments here: https://github.com/forrtproject/flora-pubpeer/blob/main/README.md

FLoRA Notify Team"
10.1016/j.reseneeco.2019.07.001,"According to data from the FORRT Library of Reproduction and Replication Attempts (FLoRA) there is 1 replication attempt of a finding from this study. Future research may learn from replications and build on them. Manual inspection of these articles may help to assess what led to the described outcome.

Replication article reference: Li, T., Weigel, C., Ferraro, P., & Messer, K. D. (2025). Underpowered studies and exaggerated effects: A replication and re‐evaluation of the magnitude of anchoring effects. Economic Inquiry, 63(2), 387–402. Portico. https://doi.org/10.1111/ecin.13279
Outcome: ""failed""
Outcome quote: Our replication results reject the size of the original estimated effects. We find an estimated effect of 3.4% (95% CI [−3.4%, 10%]).

FLoRA is available online: https://dx.doi.org/10.17605/OSF.IO/9r62x
We describe why and how we submitted these automated comments here: https://github.com/forrtproject/flora-pubpeer/blob/main/README.md

FLoRA Notify Team"
10.1249/mss.0000000000001982,"According to data from the FORRT Library of Reproduction and Replication Attempts (FLoRA) there is 1 replication attempt of a finding from this study. Future research may learn from replications and build on them. Manual inspection of these articles may help to assess what led to the described outcome.

Replication article reference: Murphy, J., Caldwell, A. R., Mesquida, C., Ladell, A. J. M., Encarnación-Martínez, A., Tual, A., Denys, A., Cameron, B., Van Hooren, B., Parr, B., DeLucia, B., Mason, B. R. J., Clark, B., Egan, B., Brown, C., Ade, C., Sforza, C., Taber, C. B., Kirk, C., … Warne, J. P. (2025). Estimating the Replicability of Sports and Exercise Science Research. Sports Medicine, 55(10), 2659–2679. https://doi.org/10.1007/s40279-025-02201-w
Outcome: ""failed""
Outcome quote: Replication significant but effect sizes incompatible (z=2.17, p=0.015)

FLoRA is available online: https://dx.doi.org/10.17605/OSF.IO/9r62x
We describe why and how we submitted these automated comments here: https://github.com/forrtproject/flora-pubpeer/blob/main/README.md

FLoRA Notify Team"
10.1086/698750,"According to data from the FORRT Library of Reproduction and Replication Attempts (FLoRA) there are 2 replication attempts of a finding from this study. Future research may learn from replications and build on them. Manual inspection of these articles may help to assess what led to the described outcome.

Replication article reference: Parsons, E. S., Miske, O., Luis, B., Loomas, Z., Fox, N. W., Tyner, A. H., … Boxell, L. (2025, November 18). SCORE secondary data replication of Liang et al. (2018). Retrieved from osf.io/ub4c6
Outcome: ""failed""
Outcome quote: ""There were 44 coefficients on the interaction between r and age that were either insignificant (alpha = 0.05) or positive. This claim was not replicated.""
Quote source: ""OSF report""

Replication article reference: Tyner, A. H., Loomas, Z., Miske, O., Luis, B., Abatayo, A., Fiala, N., … Fong, C. Y. M. (2025, November 18). Analysis. Retrieved from osf.io/9v6er
Outcome: ""successful""
Outcome quote: ""“We find that the results are robust to the inclusion of the additional years of data. The relationship between the entrepreneurship level of a country and the median age of the citizens in the original study (data covering 2001 to 2010) was found to be -0.0074 (p-value 0.0000, CI: [-0.0101, -0.0047]). The relationship in the new data (2011 to 2016) is -0.0079 (p-value 0.0000, CI: [-0.010, -0.0055]). When combining the datasets the relationship is -0.0077 (p-value 0.0000, CI: [-0.0101, -0.0053]).""
Quote source: ""OSF report""

FLoRA is available online: https://dx.doi.org/10.17605/OSF.IO/9r62x
We describe why and how we submitted these automated comments here: https://github.com/forrtproject/flora-pubpeer/blob/main/README.md

FLoRA Notify Team"
10.1093/jcr/ucx067,"According to data from the FORRT Library of Reproduction and Replication Attempts (FLoRA) there is 1 replication attempt of a finding from this study. Future research may learn from replications and build on them. Manual inspection of these articles may help to assess what led to the described outcome.

Replication article reference: Chartier, C. R., Lewis, S. C., Kline Struhl, M., Miske, O., Luis, B., & Loomas, Z. (2025, November 18). SCORE new data replication of Rozenkrants et al. (2017). Retrieved from osf.io/agv64
Outcome: ""successful""
Outcome quote: ""This claim was replicated using new data from our study. We did find that the clarity × rating distribution interaction term was a significant predictor.""
Quote source: ""OSF report""

FLoRA is available online: https://dx.doi.org/10.17605/OSF.IO/9r62x
We describe why and how we submitted these automated comments here: https://github.com/forrtproject/flora-pubpeer/blob/main/README.md

FLoRA Notify Team"
